{"is_source_file": true, "format": "Python", "description": "This file sets up a basic FastAPI application with CORS middleware and defines a health check endpoint.", "external_files": ["fastapi", "fastapi.middleware.cors"], "external_methods": ["FastAPI", "CORSMiddleware"], "published": ["app"], "classes": [], "methods": [{"name": "health_check()", "description": "A GET endpoint at '/' that returns a JSON message indicating the health status.", "scope": "", "scopeKind": ""}], "calls": ["FastAPI()", "app.add_middleware()", "CORSMiddleware"], "search-terms": ["FastAPI", "CORS", "health endpoint", "main.py", "backend_api"], "state": 2, "file_id": 2, "knowledge_revision": 8, "git_revision": "019faa71a613be2350943fa5b9dcc93cd2255505", "ctags": [{"_type": "tag", "name": "app", "path": "/home/kavia/workspace/code-generation/ridetrack-taxi-booking-311643-311663/backend_api/src/api/main.py", "pattern": "/^app = FastAPI()$/", "language": "Python", "kind": "variable"}, {"_type": "tag", "name": "health_check", "path": "/home/kavia/workspace/code-generation/ridetrack-taxi-booking-311643-311663/backend_api/src/api/main.py", "pattern": "/^def health_check():$/", "language": "Python", "kind": "function", "signature": "()"}], "hash": "58352bf5f133908bab16643199aa483d", "format-version": 4, "code-base-name": "backend_api", "filename": "backend_api/src/api/main.py", "fields": [{"name": "app = FastAPI()", "scope": "", "scopeKind": "", "description": "unavailable"}], "revision_history": [{"8": "019faa71a613be2350943fa5b9dcc93cd2255505"}]}