{"is_source_file": true, "format": "Python", "description": "This file generates an OpenAPI schema from a FastAPI application and writes it to a JSON file in the 'interfaces' directory.", "external_files": ["src/api/main.py"], "external_methods": ["app.openapi()"], "published": ["openapi_schema"], "classes": [], "methods": [{"name": "<module level>", "description": "Main script that creates and writes the OpenAPI schema to a file."}], "calls": ["os.makedirs", "os.path.join", "json.dump", "app.openapi"], "search-terms": ["generate_openapi", "openapi_schema", "FastAPI", "src.api.main"], "state": 2, "file_id": 3, "knowledge_revision": 9, "git_revision": "019faa71a613be2350943fa5b9dcc93cd2255505", "ctags": [{"_type": "tag", "name": "openapi_schema", "path": "/home/kavia/workspace/code-generation/ridetrack-taxi-booking-311643-311663/backend_api/src/api/generate_openapi.py", "pattern": "/^openapi_schema = app.openapi()$/", "language": "Python", "kind": "variable"}, {"_type": "tag", "name": "output_dir", "path": "/home/kavia/workspace/code-generation/ridetrack-taxi-booking-311643-311663/backend_api/src/api/generate_openapi.py", "pattern": "/^output_dir = \"interfaces\"$/", "language": "Python", "kind": "variable"}, {"_type": "tag", "name": "output_path", "path": "/home/kavia/workspace/code-generation/ridetrack-taxi-booking-311643-311663/backend_api/src/api/generate_openapi.py", "pattern": "/^output_path = os.path.join(output_dir, \"openapi.json\")$/", "language": "Python", "kind": "variable"}], "hash": "61e3715e79bc397fab3e70f503a41417", "format-version": 4, "code-base-name": "backend_api", "filename": "backend_api/src/api/generate_openapi.py", "fields": [{"name": "openapi_schema = app.openapi()", "scope": "", "scopeKind": "", "description": "unavailable"}, {"name": "output_dir = \"interfaces\"", "scope": "", "scopeKind": "", "description": "unavailable"}, {"name": "output_path = os.path.join(output_dir, \"openapi.json\")", "scope": "", "scopeKind": "", "description": "unavailable"}], "revision_history": [{"9": "019faa71a613be2350943fa5b9dcc93cd2255505"}]}